{"cameraMode":{"drawMode":0,"name":"Shaded","section":"Shading Mode"},"sceneLighting":true,"audioPlay":false,"sceneViewState":{"m_AlwaysRefresh":false,"showFog":true,"showSkybox":true,"showFlares":true,"showImageEffects":true,"showParticleSystems":true,"showVisualEffectGraphs":true,"m_FxEnabled":true},"in2DMode":false,"pivot":{"x":-28.283227920532228,"y":-29.304651260375978,"z":2.971816301345825},"rotation":{"x":0.5056880712509155,"y":0.49429020285606387,"z":-0.5032681226730347,"w":0.49666672945022585},"size":56.498538970947269,"orthographic":false}